{
    "meta_data": {
        "name": "RouteScenario_112",
        "index": 0,
        "town": "Town03",
        "Num_agents": 1
    },
    "is_terminated": true,
    "tot": 57,
    "adv_collision": false,
    "adv_rel_pos_at_collision": [
        0.819033145904541,
        0.5737461447715759
    ],
    "adv_rel_yaw_at_collision": -1.9198341369628906,
    "Loss": 19.911836624145508,
    "ego_col": 19.1124267578125,
    "adv_rd": 0.039970457553863525,
    "adv_col": 0.0,
    "Collision Metric": 1.0,
    "Time of Termination": 57.0,
    "Cumulative OOB": 0.0,
    "Time spent OOB": 0.0,
    "iteration": 15,
    "first_metrics": {
        "Loss": 19.911836624145508,
        "ego_col": 19.1124267578125,
        "adv_rd": 0.039970457553863525,
        "adv_col": 0.0,
        "Collision Metric": 1.0,
        "Time of Termination": 57.0,
        "Cumulative OOB": 0.0,
        "Time spent OOB": 0.0,
        "adv_collision": false,
        "iteration": 15
    },
    "all_iterations": {
        "0": {
            "Loss": 32.57474899291992,
            "ego_col": 31.862812042236328,
            "adv_rd": 0.03559689596295357,
            "adv_col": 0.0,
            "Collision Metric": 0.0,
            "Time of Termination": -1.0,
            "Cumulative OOB": 0.0,
            "Time spent OOB": 0.0,
            "adv_collision": false,
            "iteration": 0
        },
        "1": {
            "Loss": 31.19366455078125,
            "ego_col": 30.587955474853516,
            "adv_rd": 0.03028549626469612,
            "adv_col": 0.0,
            "Collision Metric": 0.0,
            "Time of Termination": -1.0,
            "Cumulative OOB": 0.0,
            "Time spent OOB": 0.0,
            "adv_collision": false,
            "iteration": 1
        },
        "2": {
            "Loss": 29.926620483398438,
            "ego_col": 28.938772201538086,
            "adv_rd": 0.0493924543261528,
            "adv_col": 0.0,
            "Collision Metric": 0.0,
            "Time of Termination": -1.0,
            "Cumulative OOB": 0.11250000447034836,
            "Time spent OOB": 0.11250000447034836,
            "adv_collision": false,
            "iteration": 2
        },
        "3": {
            "Loss": 28.379831314086914,
            "ego_col": 27.372177124023438,
            "adv_rd": 0.05038270354270935,
            "adv_col": 0.0,
            "Collision Metric": 0.0,
            "Time of Termination": -1.0,
            "Cumulative OOB": 0.15000000596046448,
            "Time spent OOB": 0.15000000596046448,
            "adv_collision": false,
            "iteration": 3
        },
        "4": {
            "Loss": 27.39811897277832,
            "ego_col": 26.28737449645996,
            "adv_rd": 0.055537205189466476,
            "adv_col": 0.0,
            "Collision Metric": 0.0,
            "Time of Termination": -1.0,
            "Cumulative OOB": 0.15000000596046448,
            "Time spent OOB": 0.15000000596046448,
            "adv_collision": false,
            "iteration": 4
        },
        "5": {
            "Loss": 26.20639991760254,
            "ego_col": 25.06035041809082,
            "adv_rd": 0.05730251222848892,
            "adv_col": 0.0,
            "Collision Metric": 0.0,
            "Time of Termination": -1.0,
            "Cumulative OOB": 0.15000000596046448,
            "Time spent OOB": 0.15000000596046448,
            "adv_collision": false,
            "iteration": 5
        },
        "6": {
            "Loss": 25.22219467163086,
            "ego_col": 23.923019409179688,
            "adv_rd": 0.06495880335569382,
            "adv_col": 0.0,
            "Collision Metric": 0.0,
            "Time of Termination": -1.0,
            "Cumulative OOB": 0.10000000149011612,
            "Time spent OOB": 0.10000000149011612,
            "adv_collision": false,
            "iteration": 6
        },
        "7": {
            "Loss": 24.775680541992188,
            "ego_col": 23.535493850708008,
            "adv_rd": 0.062009286135435104,
            "adv_col": 0.0,
            "Collision Metric": 0.0,
            "Time of Termination": -1.0,
            "Cumulative OOB": 0.02500000037252903,
            "Time spent OOB": 0.02500000037252903,
            "adv_collision": false,
            "iteration": 7
        },
        "8": {
            "Loss": 23.852794647216797,
            "ego_col": 22.798477172851562,
            "adv_rd": 0.05271584540605545,
            "adv_col": 0.0,
            "Collision Metric": 0.0,
            "Time of Termination": -1.0,
            "Cumulative OOB": 0.0,
            "Time spent OOB": 0.0,
            "adv_collision": false,
            "iteration": 8
        },
        "9": {
            "Loss": 20.736915588378906,
            "ego_col": 19.902189254760742,
            "adv_rd": 0.04173626750707626,
            "adv_col": 0.0,
            "Collision Metric": 0.0,
            "Time of Termination": -1.0,
            "Cumulative OOB": 0.0,
            "Time spent OOB": 0.0,
            "adv_collision": false,
            "iteration": 9
        },
        "10": {
            "Loss": 20.179536819458008,
            "ego_col": 19.554550170898438,
            "adv_rd": 0.031249312683939934,
            "adv_col": 0.0,
            "Collision Metric": 0.0,
            "Time of Termination": -1.0,
            "Cumulative OOB": 0.0,
            "Time spent OOB": 0.0,
            "adv_collision": false,
            "iteration": 10
        },
        "11": {
            "Loss": 30.922758102416992,
            "ego_col": 28.032318115234375,
            "adv_rd": 0.14452199637889862,
            "adv_col": 0.0,
            "Collision Metric": 0.0,
            "Time of Termination": -1.0,
            "Cumulative OOB": 0.612500011920929,
            "Time spent OOB": 0.612500011920929,
            "adv_collision": false,
            "iteration": 11
        },
        "12": {
            "Loss": 31.627925872802734,
            "ego_col": 28.670907974243164,
            "adv_rd": 0.1478508859872818,
            "adv_col": 0.0,
            "Collision Metric": 0.0,
            "Time of Termination": -1.0,
            "Cumulative OOB": 0.625,
            "Time spent OOB": 0.625,
            "adv_collision": false,
            "iteration": 12
        },
        "13": {
            "Loss": 31.61019515991211,
            "ego_col": 28.731481552124023,
            "adv_rd": 0.14393572509288788,
            "adv_col": 0.0,
            "Collision Metric": 0.0,
            "Time of Termination": -1.0,
            "Cumulative OOB": 0.625,
            "Time spent OOB": 0.625,
            "adv_collision": false,
            "iteration": 13
        },
        "14": {
            "Loss": 30.755401611328125,
            "ego_col": 28.191442489624023,
            "adv_rd": 0.12819795310497284,
            "adv_col": 0.0,
            "Collision Metric": 0.0,
            "Time of Termination": -1.0,
            "Cumulative OOB": 0.612500011920929,
            "Time spent OOB": 0.612500011920929,
            "adv_collision": false,
            "iteration": 14
        },
        "15": {
            "Loss": 19.911836624145508,
            "ego_col": 19.1124267578125,
            "adv_rd": 0.039970457553863525,
            "adv_col": 0.0,
            "Collision Metric": 1.0,
            "Time of Termination": 57.0,
            "Cumulative OOB": 0.0,
            "Time spent OOB": 0.0,
            "adv_collision": false,
            "iteration": 15
        }
    }
}