{
    "meta_data": {
        "name": "RouteScenario_137",
        "index": 5,
        "town": "Town03",
        "Num_agents": 2
    },
    "is_terminated": true,
    "tot": 56,
    "adv_collision": false,
    "adv_rel_pos_at_collision": [
        0.8729269504547119,
        -0.48785093426704407
    ],
    "adv_rel_yaw_at_collision": -4.878750801086426,
    "Loss": 11.937982559204102,
    "ego_col": 17.451894760131836,
    "adv_rd": 0.03200378641486168,
    "adv_col": 1.25,
    "Collision Metric": 1.0,
    "Time of Termination": 56.0,
    "Cumulative OOB": 0.0,
    "Time spent OOB": 0.0,
    "iteration": 3,
    "first_metrics": {
        "Loss": 11.937982559204102,
        "ego_col": 17.451894760131836,
        "adv_rd": 0.03200378641486168,
        "adv_col": 1.25,
        "Collision Metric": 1.0,
        "Time of Termination": 56.0,
        "Cumulative OOB": 0.0,
        "Time spent OOB": 0.0,
        "adv_collision": false,
        "iteration": 3
    },
    "all_iterations": {
        "0": {
            "Loss": 14.385847091674805,
            "ego_col": 19.952604293823242,
            "adv_rd": 0.029706239700317383,
            "adv_col": 1.25,
            "Collision Metric": 0.0,
            "Time of Termination": -1.0,
            "Cumulative OOB": 0.0,
            "Time spent OOB": 0.0,
            "adv_collision": false,
            "iteration": 0
        },
        "1": {
            "Loss": 19.005687713623047,
            "ego_col": 20.834020614624023,
            "adv_rd": 0.012300836853682995,
            "adv_col": 0.4222504794597626,
            "Collision Metric": 0.0,
            "Time of Termination": -1.0,
            "Cumulative OOB": 0.0,
            "Time spent OOB": 0.0,
            "adv_collision": true,
            "iteration": 1
        },
        "2": {
            "Loss": 15.657194137573242,
            "ego_col": 19.198654174804688,
            "adv_rd": 0.017961107194423676,
            "adv_col": 0.7909129858016968,
            "Collision Metric": 0.0,
            "Time of Termination": -1.0,
            "Cumulative OOB": 0.0,
            "Time spent OOB": 0.0,
            "adv_collision": false,
            "iteration": 2
        },
        "3": {
            "Loss": 11.937982559204102,
            "ego_col": 17.451894760131836,
            "adv_rd": 0.03200378641486168,
            "adv_col": 1.25,
            "Collision Metric": 1.0,
            "Time of Termination": 56.0,
            "Cumulative OOB": 0.0,
            "Time spent OOB": 0.0,
            "adv_collision": false,
            "iteration": 3
        },
        "4": {
            "Loss": 30.14423179626465,
            "ego_col": 33.96217346191406,
            "adv_rd": 0.06792273372411728,
            "adv_col": 1.0760325193405151,
            "Collision Metric": 0.0,
            "Time of Termination": -1.0,
            "Cumulative OOB": 0.17499999701976776,
            "Time spent OOB": 0.17499999701976776,
            "adv_collision": false,
            "iteration": 4
        },
        "5": {
            "Loss": 27.995235443115234,
            "ego_col": 32.923519134521484,
            "adv_rd": 0.05746590718626976,
            "adv_col": 1.25,
            "Collision Metric": 0.0,
            "Time of Termination": -1.0,
            "Cumulative OOB": 0.1875,
            "Time spent OOB": 0.1875,
            "adv_collision": false,
            "iteration": 5
        },
        "6": {
            "Loss": 26.52373504638672,
            "ego_col": 32.019927978515625,
            "adv_rd": 0.03277423977851868,
            "adv_col": 1.25,
            "Collision Metric": 0.0,
            "Time of Termination": -1.0,
            "Cumulative OOB": 0.23749999701976776,
            "Time spent OOB": 0.23749999701976776,
            "adv_collision": false,
            "iteration": 6
        },
        "7": {
            "Loss": 26.435733795166016,
            "ego_col": 31.36985206604004,
            "adv_rd": 0.057212233543395996,
            "adv_col": 1.25,
            "Collision Metric": 0.0,
            "Time of Termination": -1.0,
            "Cumulative OOB": 0.23749999701976776,
            "Time spent OOB": 0.23749999701976776,
            "adv_collision": false,
            "iteration": 7
        },
        "8": {
            "Loss": 26.392536163330078,
            "ego_col": 30.98552894592285,
            "adv_rd": 0.07204380631446838,
            "adv_col": 1.25,
            "Collision Metric": 0.0,
            "Time of Termination": -1.0,
            "Cumulative OOB": 0.23749999701976776,
            "Time spent OOB": 0.23749999701976776,
            "adv_collision": false,
            "iteration": 8
        },
        "9": {
            "Loss": 26.251190185546875,
            "ego_col": 30.394977569580078,
            "adv_rd": 0.09157446771860123,
            "adv_col": 1.25,
            "Collision Metric": 0.0,
            "Time of Termination": -1.0,
            "Cumulative OOB": 0.22500000894069672,
            "Time spent OOB": 0.22500000894069672,
            "adv_collision": false,
            "iteration": 9
        },
        "10": {
            "Loss": 38.8585205078125,
            "ego_col": 42.260066986083984,
            "adv_rd": 0.12384577095508575,
            "adv_col": 1.25,
            "Collision Metric": 0.0,
            "Time of Termination": -1.0,
            "Cumulative OOB": 0.6000000238418579,
            "Time spent OOB": 0.6000000238418579,
            "adv_collision": false,
            "iteration": 10
        },
        "11": {
            "Loss": 39.0469856262207,
            "ego_col": 42.14447021484375,
            "adv_rd": 0.13706593215465546,
            "adv_col": 1.25,
            "Collision Metric": 0.0,
            "Time of Termination": -1.0,
            "Cumulative OOB": 0.6000000238418579,
            "Time spent OOB": 0.6000000238418579,
            "adv_collision": false,
            "iteration": 11
        },
        "12": {
            "Loss": 39.57612228393555,
            "ego_col": 42.92780685424805,
            "adv_rd": 0.12601377069950104,
            "adv_col": 1.25,
            "Collision Metric": 0.0,
            "Time of Termination": -1.0,
            "Cumulative OOB": 0.612500011920929,
            "Time spent OOB": 0.612500011920929,
            "adv_collision": false,
            "iteration": 12
        },
        "13": {
            "Loss": 39.19011688232422,
            "ego_col": 42.12910842895508,
            "adv_rd": 0.14395682513713837,
            "adv_col": 1.25,
            "Collision Metric": 0.0,
            "Time of Termination": -1.0,
            "Cumulative OOB": 0.6000000238418579,
            "Time spent OOB": 0.6000000238418579,
            "adv_collision": false,
            "iteration": 13
        },
        "14": {
            "Loss": 38.85392761230469,
            "ego_col": 42.20746994018555,
            "adv_rd": 0.12593290209770203,
            "adv_col": 1.25,
            "Collision Metric": 0.0,
            "Time of Termination": -1.0,
            "Cumulative OOB": 0.6000000238418579,
            "Time spent OOB": 0.6000000238418579,
            "adv_collision": false,
            "iteration": 14
        },
        "15": {
            "Loss": 38.93207931518555,
            "ego_col": 42.32516098022461,
            "adv_rd": 0.12421391159296036,
            "adv_col": 1.25,
            "Collision Metric": 0.0,
            "Time of Termination": -1.0,
            "Cumulative OOB": 0.6000000238418579,
            "Time spent OOB": 0.6000000238418579,
            "adv_collision": false,
            "iteration": 15
        },
        "16": {
            "Loss": 38.28974151611328,
            "ego_col": 41.678836822509766,
            "adv_rd": 0.1243872195482254,
            "adv_col": 1.25,
            "Collision Metric": 0.0,
            "Time of Termination": -1.0,
            "Cumulative OOB": 0.5875000357627869,
            "Time spent OOB": 0.5875000357627869,