{
    "meta_data": {
        "name": "RouteScenario_112",
        "index": 0,
        "town": "Town03",
        "Num_agents": 2
    },
    "is_terminated": true,
    "tot": 78,
    "adv_collision": false,
    "adv_rel_pos_at_collision": [
        0.990444004535675,
        0.13791537284851074
    ],
    "adv_rel_yaw_at_collision": -3.251690626144409,
    "Loss": 20.08308982849121,
    "ego_col": 25.6242733001709,
    "adv_rd": 0.030818089842796326,
    "adv_col": 1.25,
    "Collision Metric": 1.0,
    "Time of Termination": 78.0,
    "Cumulative OOB": 0.0,
    "Time spent OOB": 0.0,
    "iteration": 2,
    "first_metrics": {
        "Loss": 20.08308982849121,
        "ego_col": 25.6242733001709,
        "adv_rd": 0.030818089842796326,
        "adv_col": 1.25,
        "Collision Metric": 1.0,
        "Time of Termination": 78.0,
        "Cumulative OOB": 0.0,
        "Time spent OOB": 0.0,
        "adv_collision": false,
        "iteration": 2
    },
    "all_iterations": {
        "0": {
            "Loss": 21.751012802124023,
            "ego_col": 26.81951332092285,
            "adv_rd": 0.051369547843933105,
            "adv_col": 1.25,
            "Collision Metric": 0.0,
            "Time of Termination": -1.0,
            "Cumulative OOB": 0.0,
            "Time spent OOB": 0.0,
            "adv_collision": false,
            "iteration": 0
        },
        "1": {
            "Loss": 20.76958465576172,
            "ego_col": 26.105701446533203,
            "adv_rd": 0.03973406180739403,
            "adv_col": 1.25,
            "Collision Metric": 0.0,
            "Time of Termination": -1.0,
            "Cumulative OOB": 0.0,
            "Time spent OOB": 0.0,
            "adv_collision": false,
            "iteration": 1
        },
        "2": {
            "Loss": 20.08308982849121,
            "ego_col": 25.6242733001709,
            "adv_rd": 0.030818089842796326,
            "adv_col": 1.25,
            "Collision Metric": 1.0,
            "Time of Termination": 78.0,
            "Cumulative OOB": 0.0,
            "Time spent OOB": 0.0,
            "adv_collision": false,
            "iteration": 2
        }
    }
}