{
    "meta_data": {
        "name": "RouteScenario_114",
        "index": 1,
        "town": "Town03",
        "Num_agents": 4
    },
    "is_terminated": true,
    "tot": 62,
    "adv_collision": false,
    "adv_rel_pos_at_collision": [
        0.996376633644104,
        0.08505107462406158
    ],
    "adv_rel_yaw_at_collision": 6.237967491149902,
    "Loss": -0.9692778587341309,
    "ego_col": 2.191678524017334,
    "adv_rd": 0.029452180489897728,
    "adv_col": 1.25,
    "Collision Metric": 1.0,
    "Time of Termination": 62.0,
    "Cumulative OOB": 0.0,
    "Time spent OOB": 0.0,
    "iteration": 4,
    "first_metrics": {
        "Loss": -0.9692778587341309,
        "ego_col": 2.191678524017334,
        "adv_rd": 0.029452180489897728,
        "adv_col": 1.25,
        "Collision Metric": 1.0,
        "Time of Termination": 62.0,
        "Cumulative OOB": 0.0,
        "Time spent OOB": 0.0,
        "adv_collision": false,
        "iteration": 4
    },
    "all_iterations": {
        "0": {
            "Loss": 2.2300100326538086,
            "ego_col": 4.188297271728516,
            "adv_rd": 0.08958563208580017,
            "adv_col": 1.25,
            "Collision Metric": 0.0,
            "Time of Termination": -1.0,
            "Cumulative OOB": 0.0,
            "Time spent OOB": 0.0,
            "adv_collision": false,
            "iteration": 0
        },
        "1": {
            "Loss": 0.5538768768310547,
            "ego_col": 3.468935489654541,
            "adv_rd": 0.0417470820248127,
            "adv_col": 1.25,
            "Collision Metric": 0.0,
            "Time of Termination": -1.0,
            "Cumulative OOB": 0.0,
            "Time spent OOB": 0.0,
            "adv_collision": false,
            "iteration": 1
        },
        "2": {
            "Loss": 4.116550445556641,
            "ego_col": 3.155569314956665,
            "adv_rd": 0.07009343802928925,
            "adv_col": 0.1469624638557434,
            "Collision Metric": 0.0,
            "Time of Termination": -1.0,
            "Cumulative OOB": 0.03750000149011612,
            "Time spent OOB": 0.03750000149011612,
            "adv_collision": false,
            "iteration": 2
        },
        "3": {
            "Loss": 0.2216496467590332,
            "ego_col": 2.9651591777801514,
            "adv_rd": 0.050324518233537674,
            "adv_col": 1.25,
            "Collision Metric": 0.0,
            "Time of Termination": -1.0,
            "Cumulative OOB": 0.0,
            "Time spent OOB": 0.0,
            "adv_collision": false,
            "iteration": 3
        },
        "4": {
            "Loss": -0.9692778587341309,
            "ego_col": 2.191678524017334,
            "adv_rd": 0.029452180489897728,
            "adv_col": 1.25,
            "Collision Metric": 1.0,
            "Time of Termination": 62.0,
            "Cumulative OOB": 0.0,
            "Time spent OOB": 0.0,
            "adv_collision": false,
            "iteration": 4
        }
    }
}