{
    "meta_data": {
        "name": "RouteScenario_124",
        "index": 2,
        "town": "Town03",
        "Num_agents": 2
    },
    "is_terminated": true,
    "tot": 73,
    "adv_collision": false,
    "adv_rel_pos_at_collision": [
        0.12584973871707916,
        -0.9920492768287659
    ],
    "adv_rel_yaw_at_collision": -1.7163909673690796,
    "Loss": 17.98213768005371,
    "ego_col": 22.7789363861084,
    "adv_rd": 0.06318264454603195,
    "adv_col": 1.25,
    "Collision Metric": 1.0,
    "Time of Termination": 73.0,
    "Cumulative OOB": 0.0,
    "Time spent OOB": 0.0,
    "iteration": 14,
    "first_metrics": {
        "Loss": 17.98213768005371,
        "ego_col": 22.7789363861084,
        "adv_rd": 0.06318264454603195,
        "adv_col": 1.25,
        "Collision Metric": 1.0,
        "Time of Termination": 73.0,
        "Cumulative OOB": 0.0,
        "Time spent OOB": 0.0,
        "adv_collision": false,
        "iteration": 14
    },
    "all_iterations": {
        "0": {
            "Loss": 20.591901779174805,
            "ego_col": 25.474349975585938,
            "adv_rd": 0.05945879966020584,
            "adv_col": 1.25,
            "Collision Metric": 0.0,
            "Time of Termination": -1.0,
            "Cumulative OOB": 0.0,
            "Time spent OOB": 0.0,
            "adv_collision": false,
            "iteration": 0
        },
        "1": {
            "Loss": 26.631549835205078,
            "ego_col": 26.70947265625,
            "adv_rd": 0.03863503411412239,
            "adv_col": 0.19330555200576782,
            "Collision Metric": 0.0,
            "Time of Termination": -1.0,
            "Cumulative OOB": 0.0,
            "Time spent OOB": 0.0,
            "adv_collision": true,
            "iteration": 1
        },
        "2": {
            "Loss": 21.83536148071289,
            "ego_col": 24.601551055908203,
            "adv_rd": 0.0446283333003521,
            "adv_col": 0.7585280537605286,
            "Collision Metric": 0.0,
            "Time of Termination": -1.0,
            "Cumulative OOB": 0.0,
            "Time spent OOB": 0.0,
            "adv_collision": false,
            "iteration": 2
        },
        "3": {
            "Loss": 19.403039932250977,
            "ego_col": 23.623502731323242,
            "adv_rd": 0.08824073523283005,
            "adv_col": 1.25,
            "Collision Metric": 0.0,
            "Time of Termination": -1.0,
            "Cumulative OOB": 0.0,
            "Time spent OOB": 0.0,
            "adv_collision": false,
            "iteration": 3
        },
        "4": {
            "Loss": 19.558860778808594,
            "ego_col": 23.292407989501953,
            "adv_rd": 0.10941095650196075,
            "adv_col": 1.25,
            "Collision Metric": 0.0,
            "Time of Termination": -1.0,
            "Cumulative OOB": 0.26250001788139343,
            "Time spent OOB": 0.26250001788139343,
            "adv_collision": false,
            "iteration": 4
        },
        "5": {
            "Loss": 20.224950790405273,
            "ego_col": 23.491315841674805,
            "adv_rd": 0.12972323596477509,
            "adv_col": 1.25,
            "Collision Metric": 0.0,
            "Time of Termination": -1.0,
            "Cumulative OOB": 0.2750000059604645,
            "Time spent OOB": 0.2750000059604645,
            "adv_collision": false,
            "iteration": 5
        },
        "6": {
            "Loss": 20.354007720947266,
            "ego_col": 23.029409408569336,
            "adv_rd": 0.1554173082113266,
            "adv_col": 1.25,
            "Collision Metric": 0.0,
            "Time of Termination": -1.0,
            "Cumulative OOB": 0.26250001788139343,
            "Time spent OOB": 0.26250001788139343,
            "adv_collision": false,
            "iteration": 6
        },
        "7": {
            "Loss": 31.903858184814453,
            "ego_col": 32.1019287109375,
            "adv_rd": 0.26312729716300964,
            "adv_col": 1.25,
            "Collision Metric": 0.0,
            "Time of Termination": -1.0,
            "Cumulative OOB": 0.6000000238418579,
            "Time spent OOB": 0.6000000238418579,
            "adv_collision": false,
            "iteration": 7
        },
        "8": {
            "Loss": 32.38395690917969,
            "ego_col": 32.5914192199707,
            "adv_rd": 0.2627190351486206,
            "adv_col": 1.25,
            "Collision Metric": 0.0,
            "Time of Termination": -1.0,
            "Cumulative OOB": 0.612500011920929,
            "Time spent OOB": 0.612500011920929,
            "adv_collision": false,
            "iteration": 8
        },
        "9": {
            "Loss": 30.812484741210938,
            "ego_col": 31.250158309936523,
            "adv_rd": 0.25270983576774597,
            "adv_col": 1.25,
            "Collision Metric": 0.0,
            "Time of Termination": -1.0,
            "Cumulative OOB": 0.5875000357627869,
            "Time spent OOB": 0.5875000357627869,
            "adv_collision": false,
            "iteration": 9
        },
        "10": {
            "Loss": 19.304393768310547,
            "ego_col": 21.840694427490234,
            "adv_rd": 0.16146522760391235,
            "adv_col": 1.25,
            "Collision Metric": 0.0,
            "Time of Termination": -1.0,
            "Cumulative OOB": 0.21250000596046448,
            "Time spent OOB": 0.21250000596046448,
            "adv_collision": false,
            "iteration": 10
        },
        "11": {
            "Loss": 18.66839599609375,
            "ego_col": 22.07478904724121,
            "adv_rd": 0.12363505363464355,
            "adv_col": 1.25,
            "Collision Metric": 0.0,
            "Time of Termination": -1.0,
            "Cumulative OOB": 0.1875,
            "Time spent OOB": 0.1875,
            "adv_collision": false,
            "iteration": 11
        },
        "12": {
            "Loss": 18.44257354736328,
            "ego_col": 22.392953872680664,
            "adv_rd": 0.09998347610235214,
            "adv_col": 1.25,
            "Collision Metric": 0.0,
            "Time of Termination": -1.0,
            "Cumulative OOB": 0.125,
            "Time spent OOB": 0.125,
            "adv_collision": false,
            "iteration": 12
        },
        "13": {
            "Loss": 18.06275749206543,
            "ego_col": 22.621212005615234,
            "adv_rd": 0.073545441031456,
            "adv_col": 1.25,
            "Collision Metric": 0.0,
            "Time of Termination": -1.0,
            "Cumulative OOB": 0.0,
            "Time spent OOB": 0.0,
            "adv_collision": false,
            "iteration": 13
        },
        "14": {
            "Loss": 17.98213768005371,
            "ego_col": 22.7789363861084,
            "adv_rd": 0.06318264454603195,
            "adv_col": 1.25,
            "Collision Metric": 1.0,
            "Time of Termination": 73.0,
            "Cumulative OOB": 0.0,
            "Time spent OOB": 0.0,
            "adv_collision": false,
            "iteration": 14
        }
    }
}