{
    "meta_data": {
        "name": "RouteScenario_114",
        "index": 1,
        "town": "Town03",
        "Num_agents": 2
    },
    "is_terminated": true,
    "tot": 61,
    "adv_collision": false,
    "adv_rel_pos_at_collision": [
        0.9958036541938782,
        0.09151548147201538
    ],
    "adv_rel_yaw_at_collision": 6.243251800537109,
    "Loss": -4.090865135192871,
    "ego_col": 1.894958734512329,
    "adv_rd": 0.011485930532217026,
    "adv_col": 1.25,
    "Collision Metric": 1.0,
    "Time of Termination": 61.0,
    "Cumulative OOB": 0.0,
    "Time spent OOB": 0.0,
    "iteration": 4,
    "first_metrics": {
        "Loss": -4.090865135192871,
        "ego_col": 1.894958734512329,
        "adv_rd": 0.011485930532217026,
        "adv_col": 1.25,
        "Collision Metric": 1.0,
        "Time of Termination": 61.0,
        "Cumulative OOB": 0.0,
        "Time spent OOB": 0.0,
        "adv_collision": false,
        "iteration": 4
    },
    "all_iterations": {
        "0": {
            "Loss": -1.6668729782104492,
            "ego_col": 3.551901340484619,
            "adv_rd": 0.044835902750492096,
            "adv_col": 1.25,
            "Collision Metric": 0.0,
            "Time of Termination": -1.0,
            "Cumulative OOB": 0.0,
            "Time spent OOB": 0.0,
            "adv_collision": false,
            "iteration": 0
        },
        "1": {
            "Loss": -2.10683012008667,
            "ego_col": 3.69024920463562,
            "adv_rd": 0.019692208617925644,
            "adv_col": 1.25,
            "Collision Metric": 0.0,
            "Time of Termination": -1.0,
            "Cumulative OOB": 0.0,
            "Time spent OOB": 0.0,
            "adv_collision": false,
            "iteration": 1
        },
        "2": {
            "Loss": 3.811457872390747,
            "ego_col": 3.4879415035247803,
            "adv_rd": 0.046868085861206055,
            "adv_col": 0.15088993310928345,
            "Collision Metric": 0.0,
            "Time of Termination": -1.0,
            "Cumulative OOB": 0.05000000074505806,
            "Time spent OOB": 0.05000000074505806,
            "adv_collision": false,
            "iteration": 2
        },
        "3": {
            "Loss": -1.224806785583496,
            "ego_col": 4.447373867034912,
            "adv_rd": 0.02512258104979992,
            "adv_col": 1.25,
            "Collision Metric": 0.0,
            "Time of Termination": -1.0,
            "Cumulative OOB": 0.0,
            "Time spent OOB": 0.0,
            "adv_collision": false,
            "iteration": 3
        },
        "4": {
            "Loss": -4.090865135192871,
            "ego_col": 1.894958734512329,
            "adv_rd": 0.011485930532217026,
            "adv_col": 1.25,
            "Collision Metric": 1.0,
            "Time of Termination": 61.0,
            "Cumulative OOB": 0.0,
            "Time spent OOB": 0.0,
            "adv_collision": false,
            "iteration": 4
        }
    }
}